Title,Description,Price,Category,Image
Shoulder Sling,Blah blah blah,199,category1,images/products/product1.png
Knee Pad,Blah blah blah,499,category1,images/products/product2.png
Shoulder Sling,Blah blah blah,199,category2,images/products/product3.png
Knee Pad,Blah blah blah,499,category2,images/products/product4.png
Shoulder Sling,Blah blah blah,199,category2,images/products/product5.png
Knee Pad,Blah blah blah,499,category2,images/products/product6.png
Shoulder Sling,Blah blah blah,199,category1,images/products/product7.png
Shoulder Sling,Blah blah blah,199,category1,images/products/product1.png
Knee Pad,Blah blah blah,499,category1,images/products/product2.png
Shoulder Sling,Blah blah blah,199,category2,images/products/product3.png
Knee Pad,Blah blah blah,499,category1,images/products/product4.png
Shoulder Sling,Blah blah blah,199,category1,images/products/product5.png